product,image,title,description,destination_url,suggested_board,scheduled_brt
Energy Revolution System,energy-revolution-buyer-guide.png,Energy Revolution System Buyer Guide,"Researching the Energy Revolution System? See what the guide includes, practical buyer checks, limitations, and safety considerations before ordering. Affiliate-supported independent review. #AlternativeEnergy #BuyerGuide #HomeEnergy",https://dolarforge.github.io/dolarforge-site/reviews/energy-revolution.html?utm_source=pinterest&utm_medium=organic&utm_campaign=new_offers_aug2026&utm_content=energy_buyer_guide,Home Energy & Preparedness,2026-08-18 12:30
Energy Revolution System,energy-revolution-pros-cons.png,Energy Revolution System Pros and Cons,"A clear look at the Energy Revolution System: potential advantages, project requirements, limitations, and questions to ask before buying. Affiliate-supported independent review. #AlternativeEnergy #ProductReview #DIYEnergy",https://dolarforge.github.io/dolarforge-site/reviews/energy-revolution.html?utm_source=pinterest&utm_medium=organic&utm_campaign=new_offers_aug2026&utm_content=energy_pros_cons,Home Energy & Preparedness,2026-08-18 19:30
Water Freedom System,water-freedom-review.png,Water Freedom System Review 2026,"Water Freedom System review for careful buyers: what the digital guide is about, what to verify, and why water quality testing still matters. Affiliate-supported independent review. #WaterPreparedness #ProductReview #BuyerGuide",https://dolarforge.github.io/dolarforge-site/reviews/water-freedom.html?utm_source=pinterest&utm_medium=organic&utm_campaign=new_offers_aug2026&utm_content=water_review,Water Preparedness,2026-08-19 12:30
Water Freedom System,water-freedom-checklist.png,Water Freedom System Buyer Checklist,"Before buying the Water Freedom System, check the method, equipment needs, ongoing maintenance, local conditions, and current refund terms. Affiliate-supported independent review. #WaterPreparedness #EmergencyPlanning #BuyerChecklist",https://dolarforge.github.io/dolarforge-site/reviews/water-freedom.html?utm_source=pinterest&utm_medium=organic&utm_campaign=new_offers_aug2026&utm_content=water_checklist,Water Preparedness,2026-08-19 19:30
SmartWaterBox,smartwaterbox-buyer-checklist.png,SmartWaterBox Buyer Checklist,"Considering SmartWaterBox? Review the parts list, water source, build requirements, testing needs, and refund terms before purchasing. Affiliate-supported independent review. #SmartWaterBox #WaterPreparedness #BuyerChecklist",https://dolarforge.github.io/dolarforge-site/reviews/smartwaterbox.html?utm_source=pinterest&utm_medium=organic&utm_campaign=new_offers_aug2026&utm_content=smartwater_checklist,Water Preparedness,2026-08-20 12:30
SmartWaterBox,smartwaterbox-pros-cons.png,SmartWaterBox Pros and Cons,"Compare SmartWaterBox benefits and limitations, including build quality, material costs, maintenance, and water-safety checks. Affiliate-supported independent review. #SmartWaterBox #ProductReview #DIYWater",https://dolarforge.github.io/dolarforge-site/reviews/smartwaterbox.html?utm_source=pinterest&utm_medium=organic&utm_campaign=new_offers_aug2026&utm_content=smartwater_pros_cons,Water Preparedness,2026-08-20 19:30
TedsWoodworking,tedswoodworking-buyer-guide.png,TedsWoodworking Buyer Guide,"Explore what to verify before buying TedsWoodworking: plan formats, measurements, skill level, tools, materials, organization, and support. Affiliate-supported independent review. #WoodworkingPlans #BuyerGuide #DIYProjects",https://dolarforge.github.io/dolarforge-site/reviews/tedswoodworking.html?utm_source=pinterest&utm_medium=organic&utm_campaign=new_offers_aug2026&utm_content=teds_buyer_guide,Woodworking Plans,2026-08-21 12:30
TedsWoodworking,tedswoodworking-pros-cons.png,TedsWoodworking Pros and Cons,"A balanced TedsWoodworking comparison covering plan-library variety, usability, possible limitations, and costs outside the digital product. Affiliate-supported independent review. #Woodworking #ProductReview #WoodworkingPlans",https://dolarforge.github.io/dolarforge-site/reviews/tedswoodworking.html?utm_source=pinterest&utm_medium=organic&utm_campaign=new_offers_aug2026&utm_content=teds_pros_cons,Woodworking Plans,2026-08-21 19:30
Audifort,audifort-review.png,Audifort Review 2026,"Researching Audifort? Read a cautious buyer-focused review covering the offer, ingredient checks, limitations, suitability, and current refund terms. Not medical advice. Affiliate-supported independent review. #Audifort #SupplementReview #BuyerGuide",https://dolarforge.github.io/dolarforge-site/reviews/audifort.html?utm_source=pinterest&utm_medium=organic&utm_campaign=new_offers_aug2026&utm_content=audifort_review,Health Product Reviews,2026-08-22 12:30
Audifort,audifort-buyer-checklist.png,Audifort Buyer Checklist,"Before ordering Audifort, review the ingredient label, directions, medicine interactions, suitability, guarantee, and seller terms. Hearing changes deserve qualified assessment. Affiliate-supported independent review. #Audifort #BuyerChecklist #SupplementReview",https://dolarforge.github.io/dolarforge-site/reviews/audifort.html?utm_source=pinterest&utm_medium=organic&utm_campaign=new_offers_aug2026&utm_content=audifort_checklist,Health Product Reviews,2026-08-22 19:30
