id,product,image,title,description,alt_text,destination_url
LP01,Liv Pure,livpure-01-side-effects.png,Liv Pure Side Effects? What to Consider Before Buying,"Considering Liv Pure? Review ingredients, personal sensitivity, daily routine, and other practical points before deciding. Independent buyer-focused guide.","Liv Pure side effects buyer guide with a checklist of considerations","https://dolarforge.github.io/dolarforge-site/reviews/liv-pure.html?utm_source=pinterest&utm_medium=organic&utm_campaign=livpure_202608&utm_content=lp01_side_effects"
LP02,Liv Pure,livpure-02-ingredients.png,What's Inside Liv Pure? Ingredient Guide,"A plain-English look at the Liv Pure formula and the key ingredients buyers may want to research before ordering. Read the independent review.","Liv Pure ingredient guide with herbs and a research notebook","https://dolarforge.github.io/dolarforge-site/reviews/liv-pure.html?utm_source=pinterest&utm_medium=organic&utm_campaign=livpure_202608&utm_content=lp02_ingredients"
LP03,Liv Pure,livpure-03-pros-cons.png,Liv Pure Pros and Cons: Independent Review,"See the main strengths, limitations, and buyer considerations in one independent Liv Pure review before you make a purchase decision.","Liv Pure pros and cons independent buyer review","https://dolarforge.github.io/dolarforge-site/reviews/liv-pure.html?utm_source=pinterest&utm_medium=organic&utm_campaign=livpure_202608&utm_content=lp03_pros_cons"
LP04,Liv Pure,livpure-04-refund-policy.png,Liv Pure Refund Policy: Terms to Check,"Before ordering Liv Pure, understand the eligibility, timeframe, return process, conditions, and refund method described in the offer terms.","Liv Pure refund policy checklist with calendar","https://dolarforge.github.io/dolarforge-site/reviews/liv-pure.html?utm_source=pinterest&utm_medium=organic&utm_campaign=livpure_202608&utm_content=lp04_refund"
LP05,Liv Pure,livpure-05-buyer-checklist.png,7 Things to Check Before Buying Liv Pure,"Use this practical checklist to evaluate ingredient transparency, quality, testing, manufacturing, reviews, refund terms, and support.","Seven-item Liv Pure buyer checklist","https://dolarforge.github.io/dolarforge-site/reviews/liv-pure.html?utm_source=pinterest&utm_medium=organic&utm_campaign=livpure_202608&utm_content=lp05_checklist"
LP06,Liv Pure,livpure-06-worth-it-2026.png,Is Liv Pure Worth It in 2026?,"What should buyers know first? Read an independent overview of the formula, limitations, refund terms, and practical considerations.","Is Liv Pure worth it in 2026 independent buyer review","https://dolarforge.github.io/dolarforge-site/reviews/liv-pure.html?utm_source=pinterest&utm_medium=organic&utm_campaign=livpure_202608&utm_content=lp06_worth_it"
PD01,ProDentim,prodentim-01-side-effects.png,ProDentim Side Effects? Buyer Considerations,"Research ingredients, possible sensitivities, who should be cautious, and questions to ask before buying ProDentim. Independent guide.","ProDentim side effects and buyer considerations checklist","https://dolarforge.github.io/dolarforge-site/reviews/prodentim.html?utm_source=pinterest&utm_medium=organic&utm_campaign=prodentim_202608&utm_content=pd01_side_effects"
PD02,ProDentim,prodentim-02-pros-cons.png,ProDentim Pros and Cons: Independent Review,"A balanced look at the main advantages, limitations, and buyer considerations for ProDentim—without guaranteed-result claims.","ProDentim pros and cons independent buyer review","https://dolarforge.github.io/dolarforge-site/reviews/prodentim.html?utm_source=pinterest&utm_medium=organic&utm_campaign=prodentim_202608&utm_content=pd02_pros_cons"
PD03,ProDentim,prodentim-03-ingredients.png,What's Inside ProDentim? Formula Guide,"A simple, buyer-focused guide to the ProDentim formula and the ingredients worth researching before placing an order.","ProDentim formula guide with oral-care research scene","https://dolarforge.github.io/dolarforge-site/reviews/prodentim.html?utm_source=pinterest&utm_medium=organic&utm_campaign=prodentim_202608&utm_content=pd03_ingredients"
PD04,ProDentim,prodentim-04-refund-policy.png,ProDentim Refund Policy: Key Terms,"Check the stated refund timeframe, eligibility, return instructions, and conditions before ordering ProDentim. Independent buyer guide.","ProDentim refund policy buyer guide with calendar and checklist","https://dolarforge.github.io/dolarforge-site/reviews/prodentim.html?utm_source=pinterest&utm_medium=organic&utm_campaign=prodentim_202608&utm_content=pd04_refund"
